{
	"partitions" : [
		{
			"name" : "Top",
			"pins" : [
				{
					"name" : "output[0]",
					"strict" : false
				},
				{
					"name" : "output[1]",
					"strict" : false
				},
				{
					"name" : "output[2]",
					"strict" : false
				},
				{
					"name" : "output1",
					"strict" : false
				},
				{
					"name" : "rst",
					"strict" : false
				},
				{
					"name" : "switch",
					"strict" : false
				},
				{
					"name" : "clk",
					"strict" : false
				}
			]
		}
	]
}